user_id,name,department,role,region
1,user_0001,Sales,Analyst,APAC
2,user_0002,Sales,Manager,APAC
3,user_0003,Finance,Engineer,Americas
4,user_0004,Engineering,Consultant,Americas
5,user_0005,Operations,Analyst,Americas
6,user_0006,Security,Analyst,APAC
7,user_0007,Engineering,Engineer,APAC
8,user_0008,Operations,Admin,APAC
9,user_0009,Operations,Engineer,Americas
10,user_0010,Sales,Consultant,Americas
11,user_0011,Security,Engineer,EMEA
12,user_0012,Operations,Manager,APAC
13,user_0013,Support,Engineer,Americas
14,user_0014,Security,Manager,EMEA
15,user_0015,Finance,Engineer,EMEA
16,user_0016,Engineering,Analyst,EMEA
17,user_0017,Engineering,Manager,EMEA
18,user_0018,Operations,Manager,APAC
19,user_0019,Sales,Intern,Americas
20,user_0020,Engineering,Intern,APAC
21,user_0021,Operations,Manager,Americas
22,user_0022,Operations,Manager,Americas
23,user_0023,Finance,Consultant,APAC
24,user_0024,Engineering,Consultant,APAC
25,user_0025,Support,Manager,APAC
26,user_0026,Support,Engineer,APAC
27,user_0027,Security,Manager,EMEA
28,user_0028,Sales,Manager,APAC
29,user_0029,HR,Manager,APAC
30,user_0030,Sales,Manager,Americas
31,user_0031,Sales,Consultant,APAC
32,user_0032,Operations,Consultant,APAC
33,user_0033,Operations,Consultant,APAC
34,user_0034,Finance,Intern,EMEA
35,user_0035,HR,Consultant,Americas
36,user_0036,Operations,Engineer,Americas
37,user_0037,HR,Analyst,APAC
38,user_0038,Support,Analyst,EMEA
39,user_0039,Security,Manager,APAC
40,user_0040,Finance,Admin,Americas
41,user_0041,HR,Engineer,Americas
42,user_0042,Security,Intern,Americas
43,user_0043,Security,Engineer,EMEA
44,user_0044,Finance,Engineer,Americas
45,user_0045,Operations,Admin,EMEA
46,user_0046,Sales,Admin,EMEA
47,user_0047,Operations,Intern,EMEA
48,user_0048,Finance,Engineer,Americas
49,user_0049,Security,Analyst,APAC
50,user_0050,Support,Analyst,APAC
51,user_0051,Sales,Engineer,Americas
52,user_0052,Security,Admin,APAC
53,user_0053,Security,Intern,Americas
54,user_0054,Security,Admin,EMEA
55,user_0055,Operations,Analyst,Americas
56,user_0056,Sales,Analyst,Americas
57,user_0057,Operations,Manager,Americas
58,user_0058,HR,Analyst,EMEA
59,user_0059,Security,Engineer,EMEA
60,user_0060,Engineering,Consultant,Americas
61,user_0061,HR,Admin,APAC
62,user_0062,Operations,Analyst,Americas
63,user_0063,HR,Consultant,Americas
64,user_0064,Operations,Engineer,APAC
65,user_0065,HR,Engineer,Americas
66,user_0066,Support,Admin,APAC
67,user_0067,Operations,Manager,EMEA
68,user_0068,Engineering,Analyst,EMEA
69,user_0069,Support,Manager,APAC
70,user_0070,Engineering,Engineer,Americas
71,user_0071,Engineering,Analyst,Americas
72,user_0072,Security,Analyst,Americas
73,user_0073,Support,Engineer,APAC
74,user_0074,Sales,Intern,Americas
75,user_0075,Finance,Manager,Americas
76,user_0076,Support,Admin,EMEA
77,user_0077,Finance,Admin,Americas
78,user_0078,Sales,Engineer,Americas
79,user_0079,HR,Intern,Americas
80,user_0080,Sales,Manager,EMEA
81,user_0081,Operations,Intern,APAC
82,user_0082,Finance,Engineer,APAC
83,user_0083,HR,Analyst,Americas
84,user_0084,Operations,Engineer,Americas
85,user_0085,Finance,Analyst,APAC
86,user_0086,Sales,Consultant,APAC
87,user_0087,Finance,Analyst,APAC
88,user_0088,Support,Manager,APAC
89,user_0089,Operations,Engineer,EMEA
90,user_0090,Sales,Intern,APAC
91,user_0091,Operations,Engineer,Americas
92,user_0092,Operations,Admin,EMEA
93,user_0093,Finance,Intern,EMEA
94,user_0094,Finance,Analyst,APAC
95,user_0095,Sales,Intern,EMEA
96,user_0096,Security,Intern,EMEA
97,user_0097,Support,Consultant,APAC
98,user_0098,Sales,Consultant,Americas
99,user_0099,Engineering,Analyst,EMEA
100,user_0100,Sales,Manager,APAC
101,user_0101,Finance,Engineer,APAC
102,user_0102,Operations,Intern,APAC
103,user_0103,Security,Engineer,EMEA
104,user_0104,Security,Engineer,APAC
105,user_0105,Security,Admin,APAC
106,user_0106,Engineering,Consultant,Americas
107,user_0107,Support,Analyst,APAC
108,user_0108,Support,Engineer,APAC
109,user_0109,Security,Intern,EMEA
110,user_0110,Finance,Intern,APAC
111,user_0111,Finance,Intern,APAC
112,user_0112,Security,Manager,EMEA
113,user_0113,HR,Intern,Americas
114,user_0114,Sales,Admin,Americas
115,user_0115,Sales,Intern,APAC
116,user_0116,Finance,Manager,APAC
117,user_0117,Engineering,Admin,Americas
118,user_0118,Operations,Analyst,Americas
119,user_0119,HR,Analyst,APAC
120,user_0120,Operations,Intern,Americas
121,user_0121,Support,Admin,APAC
122,user_0122,Engineering,Admin,APAC
123,user_0123,Support,Engineer,APAC
124,user_0124,Operations,Analyst,Americas
125,user_0125,Support,Engineer,EMEA
126,user_0126,Engineering,Admin,APAC
127,user_0127,Operations,Admin,APAC
128,user_0128,Operations,Analyst,EMEA
129,user_0129,Sales,Admin,Americas
130,user_0130,Operations,Manager,EMEA
131,user_0131,Finance,Consultant,Americas
132,user_0132,HR,Engineer,EMEA
133,user_0133,Security,Engineer,Americas
134,user_0134,Sales,Manager,EMEA
135,user_0135,HR,Analyst,APAC
136,user_0136,Security,Admin,Americas
137,user_0137,Engineering,Analyst,Americas
138,user_0138,Finance,Admin,EMEA
139,user_0139,Finance,Manager,APAC
140,user_0140,Finance,Manager,EMEA
141,user_0141,Finance,Intern,Americas
142,user_0142,Sales,Manager,Americas
143,user_0143,Support,Consultant,Americas
144,user_0144,Engineering,Consultant,Americas
145,user_0145,HR,Consultant,APAC
146,user_0146,Finance,Manager,APAC
147,user_0147,Engineering,Consultant,Americas
148,user_0148,Finance,Manager,EMEA
149,user_0149,Operations,Engineer,Americas
150,user_0150,HR,Engineer,Americas
151,user_0151,Sales,Manager,Americas
152,user_0152,Security,Manager,APAC
153,user_0153,Engineering,Consultant,EMEA
154,user_0154,Support,Manager,APAC
155,user_0155,Engineering,Manager,APAC
156,user_0156,Sales,Manager,APAC
157,user_0157,Sales,Intern,Americas
158,user_0158,Sales,Intern,Americas
159,user_0159,Engineering,Analyst,APAC
160,user_0160,Sales,Engineer,Americas
161,user_0161,Engineering,Manager,Americas
162,user_0162,Operations,Engineer,EMEA
163,user_0163,Finance,Analyst,EMEA
164,user_0164,HR,Analyst,EMEA
165,user_0165,Finance,Consultant,APAC
166,user_0166,Sales,Analyst,EMEA
167,user_0167,Support,Admin,EMEA
168,user_0168,Operations,Consultant,APAC
169,user_0169,Finance,Engineer,APAC
170,user_0170,Security,Analyst,APAC
171,user_0171,Sales,Manager,EMEA
172,user_0172,Support,Consultant,Americas
173,user_0173,Support,Engineer,EMEA
174,user_0174,Finance,Consultant,APAC
175,user_0175,Security,Analyst,EMEA
176,user_0176,Finance,Engineer,EMEA
177,user_0177,HR,Manager,APAC
178,user_0178,Finance,Analyst,Americas
179,user_0179,Finance,Intern,EMEA
180,user_0180,HR,Analyst,EMEA
181,user_0181,HR,Consultant,Americas
182,user_0182,Security,Consultant,Americas
183,user_0183,HR,Analyst,APAC
184,user_0184,HR,Engineer,Americas
185,user_0185,HR,Analyst,APAC
186,user_0186,Operations,Intern,EMEA
187,user_0187,Sales,Manager,EMEA
188,user_0188,Operations,Admin,APAC
189,user_0189,Security,Admin,APAC
190,user_0190,HR,Analyst,Americas
191,user_0191,Security,Analyst,Americas
192,user_0192,Support,Admin,Americas
193,user_0193,Sales,Consultant,Americas
194,user_0194,Sales,Engineer,EMEA
195,user_0195,Security,Analyst,Americas
196,user_0196,HR,Admin,EMEA
197,user_0197,Sales,Analyst,Americas
198,user_0198,HR,Admin,EMEA
199,user_0199,Sales,Intern,EMEA
200,user_0200,Security,Consultant,EMEA
201,user_0201,Operations,Engineer,APAC
202,user_0202,Security,Consultant,EMEA
203,user_0203,Sales,Consultant,APAC
204,user_0204,Operations,Admin,EMEA
205,user_0205,Security,Admin,APAC
206,user_0206,HR,Manager,APAC
207,user_0207,Security,Admin,Americas
208,user_0208,Sales,Manager,EMEA
209,user_0209,Security,Intern,Americas
210,user_0210,Finance,Admin,EMEA
211,user_0211,Support,Consultant,APAC
212,user_0212,Sales,Analyst,EMEA
213,user_0213,Operations,Consultant,Americas
214,user_0214,Operations,Manager,APAC
215,user_0215,Support,Engineer,Americas
216,user_0216,HR,Engineer,APAC
217,user_0217,Finance,Analyst,APAC
218,user_0218,Finance,Intern,Americas
219,user_0219,Support,Analyst,EMEA
220,user_0220,Security,Consultant,Americas
221,user_0221,Finance,Consultant,Americas
222,user_0222,Security,Intern,EMEA
223,user_0223,Finance,Engineer,Americas
224,user_0224,Sales,Analyst,APAC
225,user_0225,Support,Intern,APAC
226,user_0226,Finance,Consultant,Americas
227,user_0227,Security,Analyst,Americas
228,user_0228,Finance,Analyst,EMEA
229,user_0229,Finance,Intern,Americas
230,user_0230,Operations,Admin,Americas
231,user_0231,HR,Intern,Americas
232,user_0232,Support,Consultant,Americas
233,user_0233,Security,Admin,EMEA
234,user_0234,Finance,Consultant,EMEA
235,user_0235,Security,Manager,APAC
236,user_0236,Support,Consultant,EMEA
237,user_0237,Support,Admin,EMEA
238,user_0238,Sales,Engineer,EMEA
239,user_0239,Security,Analyst,Americas
240,user_0240,HR,Engineer,EMEA
241,user_0241,HR,Manager,Americas
242,user_0242,Engineering,Engineer,APAC
243,user_0243,Finance,Intern,Americas
244,user_0244,Finance,Consultant,APAC
245,user_0245,Engineering,Intern,EMEA
246,user_0246,HR,Admin,EMEA
247,user_0247,Security,Analyst,APAC
248,user_0248,Support,Intern,EMEA
249,user_0249,Support,Admin,Americas
250,user_0250,Engineering,Admin,EMEA
251,user_0251,Security,Analyst,EMEA
252,user_0252,HR,Intern,EMEA
253,user_0253,Operations,Consultant,Americas
254,user_0254,Operations,Admin,APAC
255,user_0255,Security,Engineer,EMEA
256,user_0256,Security,Intern,APAC
257,user_0257,Security,Manager,Americas
258,user_0258,Sales,Intern,Americas
259,user_0259,Finance,Intern,APAC
260,user_0260,Operations,Admin,APAC
261,user_0261,Security,Admin,Americas
262,user_0262,Sales,Analyst,APAC
263,user_0263,Sales,Intern,APAC
264,user_0264,Support,Intern,APAC
265,user_0265,Engineering,Manager,EMEA
266,user_0266,HR,Engineer,EMEA
267,user_0267,HR,Manager,EMEA
268,user_0268,HR,Intern,EMEA
269,user_0269,Support,Analyst,EMEA
270,user_0270,Engineering,Consultant,Americas
271,user_0271,Engineering,Manager,APAC
272,user_0272,Sales,Analyst,Americas
273,user_0273,Engineering,Analyst,APAC
274,user_0274,Finance,Analyst,Americas
275,user_0275,Finance,Engineer,APAC
276,user_0276,Security,Consultant,APAC
277,user_0277,Operations,Engineer,EMEA
278,user_0278,Sales,Manager,EMEA
279,user_0279,Finance,Admin,Americas
280,user_0280,Sales,Consultant,APAC
281,user_0281,Support,Engineer,EMEA
282,user_0282,Engineering,Admin,APAC
283,user_0283,HR,Admin,Americas
284,user_0284,Security,Intern,Americas
285,user_0285,Finance,Analyst,Americas
286,user_0286,Sales,Consultant,APAC
287,user_0287,Engineering,Consultant,EMEA
288,user_0288,Support,Consultant,Americas
289,user_0289,Support,Analyst,Americas
290,user_0290,Support,Analyst,EMEA
291,user_0291,Operations,Intern,Americas
292,user_0292,HR,Analyst,Americas
293,user_0293,Sales,Manager,APAC
294,user_0294,Support,Intern,EMEA
295,user_0295,Engineering,Intern,EMEA
296,user_0296,Sales,Intern,Americas
297,user_0297,Finance,Intern,APAC
298,user_0298,Sales,Admin,Americas
299,user_0299,HR,Admin,Americas
300,user_0300,Support,Intern,EMEA
301,user_0301,Security,Consultant,Americas
302,user_0302,HR,Manager,APAC
303,user_0303,Support,Analyst,EMEA
304,user_0304,Security,Engineer,EMEA
305,user_0305,Operations,Admin,Americas
306,user_0306,Security,Manager,APAC
307,user_0307,Security,Manager,APAC
308,user_0308,Security,Engineer,EMEA
309,user_0309,Support,Manager,EMEA
310,user_0310,HR,Admin,Americas
311,user_0311,HR,Admin,APAC
312,user_0312,Operations,Engineer,APAC
313,user_0313,Finance,Consultant,EMEA
314,user_0314,Security,Admin,APAC
315,user_0315,Sales,Intern,Americas
316,user_0316,Sales,Intern,EMEA
317,user_0317,Support,Analyst,APAC
318,user_0318,HR,Engineer,EMEA
319,user_0319,Sales,Engineer,EMEA
320,user_0320,Sales,Admin,EMEA
321,user_0321,Security,Admin,Americas
322,user_0322,HR,Intern,Americas
323,user_0323,Operations,Manager,EMEA
324,user_0324,Sales,Intern,EMEA
325,user_0325,HR,Manager,APAC
326,user_0326,Engineering,Consultant,APAC
327,user_0327,HR,Analyst,Americas
328,user_0328,Operations,Consultant,APAC
329,user_0329,Finance,Engineer,Americas
330,user_0330,Security,Manager,Americas
331,user_0331,Operations,Admin,Americas
332,user_0332,HR,Analyst,APAC
333,user_0333,HR,Engineer,EMEA
334,user_0334,Finance,Manager,APAC
335,user_0335,Sales,Admin,APAC
336,user_0336,HR,Analyst,APAC
337,user_0337,Operations,Manager,Americas
338,user_0338,Finance,Consultant,EMEA
339,user_0339,Engineering,Analyst,Americas
340,user_0340,HR,Intern,EMEA
341,user_0341,Security,Manager,APAC
342,user_0342,Engineering,Manager,EMEA
343,user_0343,Engineering,Analyst,EMEA
344,user_0344,Security,Analyst,Americas
345,user_0345,Sales,Consultant,APAC
346,user_0346,Finance,Engineer,Americas
347,user_0347,HR,Analyst,APAC
348,user_0348,Engineering,Admin,EMEA
349,user_0349,Operations,Admin,Americas
350,user_0350,Finance,Admin,EMEA
351,user_0351,Security,Intern,EMEA
352,user_0352,Support,Admin,EMEA
353,user_0353,HR,Admin,Americas
354,user_0354,Engineering,Admin,Americas
355,user_0355,Engineering,Engineer,Americas
356,user_0356,Finance,Manager,Americas
357,user_0357,Engineering,Engineer,APAC
358,user_0358,Finance,Admin,APAC
359,user_0359,Finance,Analyst,EMEA
360,user_0360,Security,Consultant,Americas
361,user_0361,Security,Manager,APAC
362,user_0362,Finance,Manager,Americas
363,user_0363,HR,Consultant,EMEA
364,user_0364,Engineering,Consultant,APAC
365,user_0365,HR,Consultant,Americas
366,user_0366,Sales,Engineer,EMEA
367,user_0367,Engineering,Admin,APAC
368,user_0368,Sales,Engineer,EMEA
369,user_0369,Support,Engineer,APAC
370,user_0370,Engineering,Engineer,EMEA
371,user_0371,Operations,Consultant,Americas
372,user_0372,HR,Intern,APAC
373,user_0373,Security,Consultant,EMEA
374,user_0374,Sales,Intern,EMEA
375,user_0375,Operations,Admin,EMEA
376,user_0376,Security,Analyst,Americas
377,user_0377,Engineering,Intern,Americas
378,user_0378,HR,Admin,EMEA
379,user_0379,Engineering,Analyst,APAC
380,user_0380,Sales,Admin,Americas
381,user_0381,Engineering,Consultant,EMEA
382,user_0382,Operations,Analyst,APAC
383,user_0383,Security,Admin,Americas
384,user_0384,Security,Manager,APAC
385,user_0385,Operations,Intern,Americas
386,user_0386,Support,Intern,APAC
387,user_0387,Security,Manager,EMEA
388,user_0388,HR,Manager,Americas
389,user_0389,Engineering,Engineer,EMEA
390,user_0390,Security,Consultant,EMEA
391,user_0391,HR,Consultant,EMEA
392,user_0392,Support,Admin,APAC
393,user_0393,Security,Analyst,EMEA
394,user_0394,HR,Manager,APAC
395,user_0395,Support,Intern,Americas
396,user_0396,Support,Analyst,Americas
397,user_0397,Support,Admin,EMEA
398,user_0398,Security,Analyst,APAC
399,user_0399,Operations,Manager,Americas
400,user_0400,Support,Intern,Americas
401,user_0401,Security,Analyst,APAC
402,user_0402,HR,Admin,APAC
403,user_0403,HR,Intern,Americas
404,user_0404,Security,Analyst,APAC
405,user_0405,Sales,Admin,APAC
406,user_0406,Sales,Engineer,EMEA
407,user_0407,Operations,Analyst,Americas
408,user_0408,Security,Analyst,APAC
409,user_0409,Support,Analyst,EMEA
410,user_0410,Engineering,Consultant,APAC
411,user_0411,Security,Consultant,EMEA
412,user_0412,Operations,Consultant,EMEA
413,user_0413,Security,Intern,EMEA
414,user_0414,Finance,Intern,Americas
415,user_0415,Finance,Intern,APAC
416,user_0416,Operations,Admin,Americas
417,user_0417,Finance,Analyst,EMEA
418,user_0418,Support,Intern,EMEA
419,user_0419,Support,Admin,EMEA
420,user_0420,Support,Analyst,EMEA
421,user_0421,Sales,Manager,Americas
422,user_0422,Operations,Consultant,EMEA
423,user_0423,Support,Engineer,EMEA
424,user_0424,Operations,Intern,EMEA
425,user_0425,HR,Admin,Americas
426,user_0426,Security,Intern,EMEA
427,user_0427,Support,Engineer,Americas
428,user_0428,Finance,Admin,EMEA
429,user_0429,Finance,Intern,APAC
430,user_0430,HR,Consultant,EMEA
431,user_0431,Sales,Intern,EMEA
432,user_0432,Sales,Consultant,APAC
433,user_0433,Security,Analyst,APAC
434,user_0434,Operations,Admin,EMEA
435,user_0435,Support,Analyst,EMEA
436,user_0436,Engineering,Admin,EMEA
437,user_0437,Engineering,Consultant,APAC
438,user_0438,Security,Consultant,APAC
439,user_0439,Engineering,Intern,EMEA
440,user_0440,HR,Admin,Americas
441,user_0441,Security,Consultant,APAC
442,user_0442,Support,Manager,Americas
443,user_0443,Support,Admin,EMEA
444,user_0444,HR,Consultant,Americas
445,user_0445,Support,Intern,Americas
446,user_0446,Engineering,Admin,APAC
447,user_0447,Finance,Consultant,Americas
448,user_0448,HR,Engineer,Americas
449,user_0449,Engineering,Intern,APAC
450,user_0450,Support,Consultant,Americas
451,user_0451,Support,Analyst,EMEA
452,user_0452,Finance,Consultant,EMEA
453,user_0453,Engineering,Analyst,EMEA
454,user_0454,Support,Analyst,EMEA
455,user_0455,HR,Manager,EMEA
456,user_0456,Finance,Engineer,Americas
457,user_0457,Security,Admin,Americas
458,user_0458,Support,Engineer,APAC
459,user_0459,Finance,Analyst,Americas
460,user_0460,Support,Intern,Americas
461,user_0461,Sales,Engineer,EMEA
462,user_0462,Operations,Engineer,APAC
463,user_0463,Security,Consultant,EMEA
464,user_0464,Security,Manager,Americas
465,user_0465,Engineering,Intern,EMEA
466,user_0466,Sales,Admin,APAC
467,user_0467,Engineering,Intern,EMEA
468,user_0468,Operations,Manager,Americas
469,user_0469,Security,Consultant,EMEA
470,user_0470,Security,Manager,APAC
471,user_0471,Security,Intern,APAC
472,user_0472,Finance,Intern,Americas
473,user_0473,HR,Admin,EMEA
474,user_0474,Sales,Manager,APAC
475,user_0475,Support,Consultant,EMEA
476,user_0476,HR,Analyst,Americas
477,user_0477,Support,Consultant,Americas
478,user_0478,Engineering,Admin,Americas
479,user_0479,Security,Manager,APAC
480,user_0480,Operations,Manager,APAC
481,user_0481,Sales,Engineer,Americas
482,user_0482,HR,Consultant,Americas
483,user_0483,Support,Consultant,Americas
484,user_0484,Support,Engineer,Americas
485,user_0485,Engineering,Consultant,Americas
486,user_0486,Engineering,Manager,EMEA
487,user_0487,Engineering,Admin,EMEA
488,user_0488,Sales,Engineer,APAC
489,user_0489,HR,Manager,Americas
490,user_0490,Security,Engineer,APAC
491,user_0491,Finance,Admin,EMEA
492,user_0492,Operations,Admin,EMEA
493,user_0493,Support,Engineer,EMEA
494,user_0494,Support,Intern,EMEA
495,user_0495,Sales,Manager,APAC
496,user_0496,Security,Analyst,APAC
497,user_0497,Support,Engineer,Americas
498,user_0498,Sales,Consultant,EMEA
499,user_0499,Support,Admin,EMEA
500,user_0500,Engineering,Intern,APAC
501,user_0501,HR,Admin,APAC
502,user_0502,Security,Manager,Americas
503,user_0503,Sales,Consultant,EMEA
504,user_0504,Operations,Intern,Americas
505,user_0505,HR,Analyst,Americas
506,user_0506,Finance,Intern,APAC
507,user_0507,Operations,Admin,EMEA
508,user_0508,Operations,Engineer,Americas
509,user_0509,Engineering,Consultant,EMEA
510,user_0510,Sales,Manager,Americas
511,user_0511,Security,Analyst,APAC
512,user_0512,Engineering,Analyst,EMEA
513,user_0513,Security,Analyst,APAC
514,user_0514,Finance,Admin,APAC
515,user_0515,Security,Intern,EMEA
516,user_0516,Sales,Consultant,Americas
517,user_0517,Operations,Intern,Americas
518,user_0518,Sales,Consultant,APAC
519,user_0519,Security,Consultant,APAC
520,user_0520,Support,Intern,Americas
521,user_0521,Security,Manager,APAC
522,user_0522,Sales,Manager,APAC
523,user_0523,Security,Intern,APAC
524,user_0524,Support,Manager,APAC
525,user_0525,Sales,Manager,Americas
526,user_0526,Sales,Manager,APAC
527,user_0527,Security,Manager,APAC
528,user_0528,Engineering,Intern,APAC
529,user_0529,Sales,Engineer,Americas
530,user_0530,Sales,Admin,APAC
531,user_0531,Engineering,Manager,APAC
532,user_0532,Finance,Admin,APAC
533,user_0533,Engineering,Admin,APAC
534,user_0534,Operations,Engineer,APAC
535,user_0535,HR,Engineer,Americas
536,user_0536,Engineering,Manager,APAC
537,user_0537,Finance,Admin,EMEA
538,user_0538,Support,Engineer,APAC
539,user_0539,Sales,Analyst,APAC
540,user_0540,Engineering,Manager,APAC
541,user_0541,Operations,Manager,APAC
542,user_0542,Finance,Manager,APAC
543,user_0543,Finance,Consultant,EMEA
544,user_0544,Operations,Analyst,Americas
545,user_0545,Engineering,Intern,EMEA
546,user_0546,Support,Manager,Americas
547,user_0547,Operations,Analyst,EMEA
548,user_0548,Operations,Engineer,Americas
549,user_0549,Engineering,Consultant,Americas
550,user_0550,Operations,Manager,EMEA
551,user_0551,Sales,Analyst,APAC
552,user_0552,Security,Intern,EMEA
553,user_0553,Sales,Analyst,EMEA
554,user_0554,Sales,Intern,APAC
555,user_0555,Engineering,Manager,Americas
556,user_0556,Finance,Analyst,APAC
557,user_0557,HR,Admin,Americas
558,user_0558,Operations,Admin,Americas
559,user_0559,HR,Intern,Americas
560,user_0560,Operations,Manager,EMEA
561,user_0561,Operations,Admin,EMEA
562,user_0562,Engineering,Consultant,APAC
563,user_0563,Support,Consultant,Americas
564,user_0564,Support,Admin,Americas
565,user_0565,Support,Engineer,EMEA
566,user_0566,Security,Engineer,EMEA
567,user_0567,HR,Intern,EMEA
568,user_0568,Security,Consultant,APAC
569,user_0569,HR,Intern,EMEA
570,user_0570,Sales,Manager,EMEA
571,user_0571,Finance,Consultant,EMEA
572,user_0572,Engineering,Analyst,APAC
573,user_0573,Engineering,Intern,APAC
574,user_0574,Sales,Consultant,EMEA
575,user_0575,Support,Engineer,Americas
576,user_0576,Engineering,Admin,Americas
577,user_0577,Operations,Manager,Americas
578,user_0578,Engineering,Intern,EMEA
579,user_0579,Support,Consultant,EMEA
580,user_0580,Support,Consultant,APAC
581,user_0581,HR,Admin,EMEA
582,user_0582,HR,Analyst,Americas
583,user_0583,Operations,Engineer,APAC
584,user_0584,Sales,Intern,APAC
585,user_0585,Support,Analyst,EMEA
586,user_0586,Support,Admin,EMEA
587,user_0587,Engineering,Manager,Americas
588,user_0588,Finance,Intern,Americas
589,user_0589,Support,Admin,Americas
590,user_0590,Sales,Consultant,Americas
591,user_0591,Engineering,Admin,Americas
592,user_0592,Support,Consultant,EMEA
593,user_0593,Engineering,Engineer,EMEA
594,user_0594,Sales,Manager,EMEA
595,user_0595,HR,Analyst,APAC
596,user_0596,Support,Engineer,Americas
597,user_0597,Sales,Intern,APAC
598,user_0598,Finance,Consultant,Americas
599,user_0599,Engineering,Analyst,Americas
600,user_0600,Operations,Engineer,EMEA
